[
  {
    "inputs": [
      {"name": "account", "type": "address"}
    ],
    "name": "balanceOf",
    "outputs": [{"name": "", "type": "uint256"}],
    "stateMutability": "view",
    "type": "function"
  },
  {
    "inputs": [
      {"name": "owner", "type": "address"},
      {"name": "spender", "type": "address"}
    ],
    "name": "allowance",
    "outputs": [{"name": "", "type": "uint256"}],
    "stateMutability": "view",
    "type": "function"
  },
  {
    "inputs": [
      {"name": "spender", "type": "address"},
      {"name": "amount", "type": "uint256"}
    ],
    "name": "approve",
    "outputs": [{"name": "", "type": "bool"}],
    "stateMutability": "nonpayable",
    "type": "function"
  },
  {
    "inputs": [],
    "name": "decimals",
    "outputs": [{"name": "", "type": "uint8"}],
    "stateMutability": "view",
    "type": "function"
  },
  {
    "inputs": [
      {"name": "sender", "type": "address"},
      {"name": "recipient", "type": "address"},
      {"name": "amount", "type": "uint256"}
    ],
    "name": "transferFrom",
    "outputs": [{"name": "", "type": "bool"}],
    "stateMutability": "nonpayable",
    "type": "function"
  }
]