[
  {
    "inputs": [
      {"name": "party", "type": "address"}
    ],
    "name": "isTrusted",
    "outputs": [{"name": "", "type": "bool"}],
    "stateMutability": "view",
    "type": "function"
  },
  {
    "inputs": [
      {"name": "party", "type": "address"}
    ],
    "name": "partyOf",
    "outputs": [
      {
        "name": "",
        "type": "tuple",
        "components": [
          {"name": "lei", "type": "string"},
          {"name": "vleiHash", "type": "bytes32"},
          {"name": "isTrusted", "type": "bool"}
        ]
      }
    ],
    "stateMutability": "view",
    "type": "function"
  },
  {
    "inputs": [
      {"name": "lei", "type": "string"},
      {"name": "vleiHash", "type": "bytes32"}
    ],
    "name": "registerParty",
    "outputs": [],
    "stateMutability": "nonpayable",
    "type": "function"
  },
  {
    "inputs": [
      {"name": "lei", "type": "string"},
      {"name": "vleiHash", "type": "bytes32"}
    ],
    "name": "registerAndVerifyAuto",
    "outputs": [{"name": "reqId", "type": "bytes32"}],
    "stateMutability": "nonpayable",
    "type": "function"
  },
  {
    "inputs": [
      {"name": "subId", "type": "uint64"},
      {"name": "donId", "type": "bytes32"},
      {"name": "gasLimit", "type": "uint32"}
    ],
    "name": "setFunctionsConfig",
    "outputs": [],
    "stateMutability": "nonpayable",
    "type": "function"
  },
  {
    "inputs": [
      {"name": "base", "type": "string"}
    ],
    "name": "setBaseUrl",
    "outputs": [],
    "stateMutability": "nonpayable",
    "type": "function"
  }
]